[{"model": "admin.logentry", "pk": 1, "fields": {"action_time": "2023-11-09T15:45:05.927Z", "user": 1, "content_type": 10, "object_id": "2", "object_repr": "Data Science", "action_flag": 1, "change_message": "[{\"added\": {}}]"}}, {"model": "admin.logentry", "pk": 2, "fields": {"action_time": "2023-11-13T07:47:11.837Z", "user": 1, "content_type": 11, "object_id": "2", "object_repr": "Michael Inyene | Business Account", "action_flag": 3, "change_message": ""}}, {"model": "admin.logentry", "pk": 3, "fields": {"action_time": "2023-11-13T07:47:23.269Z", "user": 1, "content_type": 11, "object_id": "4", "object_repr": "Michael Inyene | Business Account", "action_flag": 3, "change_message": ""}}, {"model": "admin.logentry", "pk": 4, "fields": {"action_time": "2023-11-13T07:53:14.159Z", "user": 1, "content_type": 11, "object_id": "5", "object_repr": "Michael Inyene | Business Account", "action_flag": 3, "change_message": ""}}, {"model": "admin.logentry", "pk": 5, "fields": {"action_time": "2023-11-13T07:53:36.586Z", "user": 1, "content_type": 11, "object_id": "3", "object_repr": "Michael Inyene | Business Account", "action_flag": 3, "change_message": ""}}, {"model": "admin.logentry", "pk": 6, "fields": {"action_time": "2023-11-13T07:55:02.827Z", "user": 1, "content_type": 11, "object_id": "6", "object_repr": "Michael Inyene | Business Account", "action_flag": 3, "change_message": ""}}, {"model": "admin.logentry", "pk": 7, "fields": {"action_time": "2023-11-13T08:27:30.763Z", "user": 1, "content_type": 11, "object_id": "7", "object_repr": "Michael Inyene | Business Account", "action_flag": 3, "change_message": ""}}, {"model": "admin.logentry", "pk": 8, "fields": {"action_time": "2023-11-13T08:41:05.033Z", "user": 1, "content_type": 11, "object_id": "8", "object_repr": "Michael Inyene | Business Account", "action_flag": 3, "change_message": ""}}, {"model": "admin.logentry", "pk": 9, "fields": {"action_time": "2023-11-13T09:29:53.836Z", "user": 1, "content_type": 11, "object_id": "2", "object_repr": "Michael Inyene | Business Account", "action_flag": 3, "change_message": ""}}, {"model": "admin.logentry", "pk": 10, "fields": {"action_time": "2023-11-13T11:01:05.426Z", "user": 1, "content_type": 11, "object_id": "3", "object_repr": "Michael Inyene | Business Account", "action_flag": 3, "change_message": ""}}, {"model": "admin.logentry", "pk": 11, "fields": {"action_time": "2023-11-13T11:01:40.197Z", "user": 1, "content_type": 11, "object_id": "4", "object_repr": "Michael Inyene | Business Account", "action_flag": 3, "change_message": ""}}, {"model": "admin.logentry", "pk": 12, "fields": {"action_time": "2023-11-13T11:03:11.259Z", "user": 1, "content_type": 11, "object_id": "2", "object_repr": "Michael Inyene | Business Account", "action_flag": 2, "change_message": "[{\"changed\": {\"fields\": [\"Password\"]}}]"}}, {"model": "admin.logentry", "pk": 13, "fields": {"action_time": "2023-11-13T11:54:17.233Z", "user": 1, "content_type": 11, "object_id": "2", "object_repr": "Michael Inyene | Business Account", "action_flag": 3, "change_message": ""}}, {"model": "admin.logentry", "pk": 14, "fields": {"action_time": "2023-11-13T11:54:50.135Z", "user": 1, "content_type": 11, "object_id": "3", "object_repr": "Michael Inyene | Business Account", "action_flag": 3, "change_message": ""}}, {"model": "admin.logentry", "pk": 15, "fields": {"action_time": "2023-11-13T12:00:16.927Z", "user": 1, "content_type": 11, "object_id": "4", "object_repr": "Michael Inyene | Business Account", "action_flag": 3, "change_message": ""}}, {"model": "admin.logentry", "pk": 16, "fields": {"action_time": "2023-11-13T12:03:54.303Z", "user": 1, "content_type": 11, "object_id": "5", "object_repr": "Michael Inyene | Business Account", "action_flag": 3, "change_message": ""}}, {"model": "admin.logentry", "pk": 17, "fields": {"action_time": "2023-11-13T12:18:38.255Z", "user": 1, "content_type": 11, "object_id": "6", "object_repr": "Michael Inyene | Business Account", "action_flag": 3, "change_message": ""}}, {"model": "admin.logentry", "pk": 18, "fields": {"action_time": "2023-11-13T12:19:33.470Z", "user": 1, "content_type": 11, "object_id": "7", "object_repr": "Michael Inyene | Business Account", "action_flag": 3, "change_message": ""}}, {"model": "admin.logentry", "pk": 19, "fields": {"action_time": "2023-11-13T12:20:04.165Z", "user": 1, "content_type": 11, "object_id": "8", "object_repr": "Michael Inyene | Business Account", "action_flag": 3, "change_message": ""}}, {"model": "admin.logentry", "pk": 20, "fields": {"action_time": "2023-11-13T12:22:58.733Z", "user": 1, "content_type": 11, "object_id": "9", "object_repr": "Michael Inyene | Business Account", "action_flag": 3, "change_message": ""}}, {"model": "admin.logentry", "pk": 21, "fields": {"action_time": "2023-11-13T12:32:12.680Z", "user": 1, "content_type": 11, "object_id": "11", "object_repr": "Michael Inyene | Business Account", "action_flag": 3, "change_message": ""}}, {"model": "admin.logentry", "pk": 22, "fields": {"action_time": "2023-11-13T12:32:12.697Z", "user": 1, "content_type": 11, "object_id": "10", "object_repr": "Michael Inyene | Business Account", "action_flag": 3, "change_message": ""}}, {"model": "admin.logentry", "pk": 23, "fields": {"action_time": "2023-11-14T11:40:36.904Z", "user": 1, "content_type": 11, "object_id": "12", "object_repr": "Michael Inyene | Business Account", "action_flag": 3, "change_message": ""}}, {"model": "admin.logentry", "pk": 24, "fields": {"action_time": "2023-11-14T11:41:42.068Z", "user": 1, "content_type": 11, "object_id": "13", "object_repr": "David Inyene | Business Account", "action_flag": 3, "change_message": ""}}, {"model": "admin.logentry", "pk": 25, "fields": {"action_time": "2023-11-14T11:43:40.693Z", "user": 1, "content_type": 11, "object_id": "14", "object_repr": "Michael Inyene | Business Account", "action_flag": 3, "change_message": ""}}, {"model": "admin.logentry", "pk": 26, "fields": {"action_time": "2023-11-14T11:46:03.889Z", "user": 1, "content_type": 11, "object_id": "15", "object_repr": "Michael Inyene | Business Account", "action_flag": 3, "change_message": ""}}, {"model": "admin.logentry", "pk": 27, "fields": {"action_time": "2023-11-14T11:56:26.515Z", "user": 1, "content_type": 11, "object_id": "16", "object_repr": "Michael Inyene | Business Account", "action_flag": 3, "change_message": ""}}, {"model": "admin.logentry", "pk": 28, "fields": {"action_time": "2023-11-14T11:58:20.086Z", "user": 1, "content_type": 11, "object_id": "17", "object_repr": "Michael Inyene | Business Account", "action_flag": 3, "change_message": ""}}, {"model": "admin.logentry", "pk": 29, "fields": {"action_time": "2023-11-14T11:58:45.840Z", "user": 1, "content_type": 11, "object_id": "18", "object_repr": "Michael Inyene | Business Account", "action_flag": 3, "change_message": ""}}, {"model": "admin.logentry", "pk": 30, "fields": {"action_time": "2023-11-14T12:02:20.594Z", "user": 1, "content_type": 11, "object_id": "19", "object_repr": "Michael Inyene | Business Account", "action_flag": 3, "change_message": ""}}, {"model": "admin.logentry", "pk": 31, "fields": {"action_time": "2023-11-14T12:03:04.603Z", "user": 1, "content_type": 11, "object_id": "20", "object_repr": "Michael Inyene | Business Account", "action_flag": 3, "change_message": ""}}, {"model": "admin.logentry", "pk": 32, "fields": {"action_time": "2023-11-14T12:29:22.614Z", "user": 1, "content_type": 11, "object_id": "21", "object_repr": "Michael Inyene | Business Account", "action_flag": 3, "change_message": ""}}, {"model": "admin.logentry", "pk": 33, "fields": {"action_time": "2023-11-14T12:35:15.237Z", "user": 1, "content_type": 11, "object_id": "22", "object_repr": "Michael Inyene | Business Account", "action_flag": 3, "change_message": ""}}, {"model": "admin.logentry", "pk": 34, "fields": {"action_time": "2023-11-14T12:36:29.307Z", "user": 1, "content_type": 11, "object_id": "23", "object_repr": "Michael Inyene | Business Account", "action_flag": 3, "change_message": ""}}, {"model": "admin.logentry", "pk": 35, "fields": {"action_time": "2023-11-14T13:12:53.266Z", "user": 1, "content_type": 11, "object_id": "24", "object_repr": "Michael Inyene | Business Account", "action_flag": 3, "change_message": ""}}, {"model": "admin.logentry", "pk": 36, "fields": {"action_time": "2023-11-14T13:15:39.860Z", "user": 1, "content_type": 11, "object_id": "25", "object_repr": "Michael Inyene | Business Account", "action_flag": 3, "change_message": ""}}, {"model": "admin.logentry", "pk": 37, "fields": {"action_time": "2023-11-14T13:21:21.439Z", "user": 1, "content_type": 11, "object_id": "26", "object_repr": "Michael Inyene | Business Account", "action_flag": 3, "change_message": ""}}, {"model": "admin.logentry", "pk": 38, "fields": {"action_time": "2023-11-14T13:22:29.602Z", "user": 1, "content_type": 11, "object_id": "27", "object_repr": "Michael Inyene | Business Account", "action_flag": 3, "change_message": ""}}, {"model": "admin.logentry", "pk": 39, "fields": {"action_time": "2023-11-14T13:24:51.696Z", "user": 1, "content_type": 11, "object_id": "28", "object_repr": "Michael Inyene | Business Account", "action_flag": 3, "change_message": ""}}, {"model": "admin.logentry", "pk": 40, "fields": {"action_time": "2023-11-14T13:41:43.543Z", "user": 1, "content_type": 11, "object_id": "30", "object_repr": "Michael Inyene | Business Account", "action_flag": 3, "change_message": ""}}, {"model": "admin.logentry", "pk": 41, "fields": {"action_time": "2023-11-14T13:41:43.564Z", "user": 1, "content_type": 11, "object_id": "29", "object_repr": "Michael Inyene | Business Account", "action_flag": 3, "change_message": ""}}, {"model": "admin.logentry", "pk": 42, "fields": {"action_time": "2023-11-14T13:43:18.549Z", "user": 1, "content_type": 11, "object_id": "32", "object_repr": "Michael Inyene | Business Account", "action_flag": 3, "change_message": ""}}, {"model": "admin.logentry", "pk": 43, "fields": {"action_time": "2023-11-14T13:43:18.571Z", "user": 1, "content_type": 11, "object_id": "31", "object_repr": "Michael Inyene | Business Account", "action_flag": 3, "change_message": ""}}, {"model": "admin.logentry", "pk": 44, "fields": {"action_time": "2023-11-14T13:45:10.449Z", "user": 1, "content_type": 11, "object_id": "33", "object_repr": "Michael Inyene | Business Account", "action_flag": 3, "change_message": ""}}, {"model": "admin.logentry", "pk": 45, "fields": {"action_time": "2023-11-14T13:48:13.415Z", "user": 1, "content_type": 11, "object_id": "34", "object_repr": "Michael Inyene | Business Account", "action_flag": 3, "change_message": ""}}, {"model": "admin.logentry", "pk": 46, "fields": {"action_time": "2023-11-14T13:49:19.559Z", "user": 1, "content_type": 11, "object_id": "35", "object_repr": "Michael Inyene | Business Account", "action_flag": 3, "change_message": ""}}, {"model": "admin.logentry", "pk": 47, "fields": {"action_time": "2023-11-14T13:50:14.420Z", "user": 1, "content_type": 11, "object_id": "36", "object_repr": "Michael Inyene | Business Account", "action_flag": 3, "change_message": ""}}, {"model": "admin.logentry", "pk": 48, "fields": {"action_time": "2023-11-14T13:50:52.953Z", "user": 1, "content_type": 11, "object_id": "37", "object_repr": "Michael Inyene | Business Account", "action_flag": 3, "change_message": ""}}, {"model": "admin.logentry", "pk": 49, "fields": {"action_time": "2023-11-14T14:08:08.911Z", "user": 1, "content_type": 11, "object_id": "38", "object_repr": "Michael Inyene | Business Account", "action_flag": 3, "change_message": ""}}, {"model": "admin.logentry", "pk": 50, "fields": {"action_time": "2023-11-14T15:13:20.217Z", "user": 1, "content_type": 11, "object_id": "40", "object_repr": "User Lastname | Business Account", "action_flag": 3, "change_message": ""}}, {"model": "admin.logentry", "pk": 51, "fields": {"action_time": "2023-11-14T15:13:20.235Z", "user": 1, "content_type": 11, "object_id": "39", "object_repr": "Michael Inyene | Business Account", "action_flag": 3, "change_message": ""}}, {"model": "admin.logentry", "pk": 52, "fields": {"action_time": "2023-11-14T15:15:03.464Z", "user": 1, "content_type": 11, "object_id": "41", "object_repr": "Michael Inyene | Business Account", "action_flag": 3, "change_message": ""}}, {"model": "admin.logentry", "pk": 53, "fields": {"action_time": "2023-11-14T15:22:40.289Z", "user": 1, "content_type": 11, "object_id": "42", "object_repr": "Michael Inyene | Business Account", "action_flag": 3, "change_message": ""}}, {"model": "admin.logentry", "pk": 54, "fields": {"action_time": "2023-11-14T15:24:07.275Z", "user": 1, "content_type": 11, "object_id": "43", "object_repr": "Michael Inyene | Business Account", "action_flag": 3, "change_message": ""}}, {"model": "admin.logentry", "pk": 55, "fields": {"action_time": "2023-11-14T15:27:45.158Z", "user": 1, "content_type": 11, "object_id": "44", "object_repr": "Michael Inyene | Business Account", "action_flag": 3, "change_message": ""}}, {"model": "admin.logentry", "pk": 56, "fields": {"action_time": "2023-11-15T07:56:57.009Z", "user": 1, "content_type": 11, "object_id": "45", "object_repr": "Michael Inyene | Business Account", "action_flag": 3, "change_message": ""}}, {"model": "admin.logentry", "pk": 57, "fields": {"action_time": "2023-11-15T08:15:37.512Z", "user": 1, "content_type": 11, "object_id": "47", "object_repr": "David Mizzy | Business Account", "action_flag": 3, "change_message": ""}}, {"model": "admin.logentry", "pk": 58, "fields": {"action_time": "2023-11-15T08:15:37.572Z", "user": 1, "content_type": 11, "object_id": "46", "object_repr": "Michael Inyene | Business Account", "action_flag": 3, "change_message": ""}}, {"model": "admin.logentry", "pk": 59, "fields": {"action_time": "2023-11-15T08:39:08.475Z", "user": 1, "content_type": 11, "object_id": "48", "object_repr": "Michael Inyene | Business Account", "action_flag": 3, "change_message": ""}}, {"model": "admin.logentry", "pk": 60, "fields": {"action_time": "2023-11-15T08:41:17.854Z", "user": 1, "content_type": 11, "object_id": "49", "object_repr": "Michael Inyene | Business Account", "action_flag": 3, "change_message": ""}}, {"model": "admin.logentry", "pk": 61, "fields": {"action_time": "2023-11-15T09:17:32.682Z", "user": 1, "content_type": 11, "object_id": "50", "object_repr": "Michael Inyene | Business Account", "action_flag": 3, "change_message": ""}}, {"model": "admin.logentry", "pk": 62, "fields": {"action_time": "2023-11-20T09:10:28.938Z", "user": 1, "content_type": 10, "object_id": "3", "object_repr": "Product Management", "action_flag": 1, "change_message": "[{\"added\": {}}]"}}, {"model": "admin.logentry", "pk": 63, "fields": {"action_time": "2023-11-20T09:10:35.507Z", "user": 1, "content_type": 10, "object_id": "4", "object_repr": "Sales", "action_flag": 1, "change_message": "[{\"added\": {}}]"}}, {"model": "admin.logentry", "pk": 64, "fields": {"action_time": "2023-11-20T09:10:48.064Z", "user": 1, "content_type": 10, "object_id": "5", "object_repr": "Design", "action_flag": 1, "change_message": "[{\"added\": {}}]"}}, {"model": "admin.logentry", "pk": 65, "fields": {"action_time": "2023-11-28T15:34:48.922Z", "user": 1, "content_type": 16, "object_id": "1", "object_repr": "Test", "action_flag": 1, "change_message": "[{\"added\": {}}]"}}, {"model": "admin.logentry", "pk": 66, "fields": {"action_time": "2023-11-28T15:35:09.584Z", "user": 1, "content_type": 15, "object_id": "1", "object_repr": "PC Main | 0", "action_flag": 1, "change_message": "[{\"added\": {}}]"}}, {"model": "admin.logentry", "pk": 67, "fields": {"action_time": "2023-11-28T15:36:16.377Z", "user": 1, "content_type": 17, "object_id": "1", "object_repr": "PC Main | 0 | 3", "action_flag": 1, "change_message": "[{\"added\": {}}]"}}, {"model": "admin.logentry", "pk": 68, "fields": {"action_time": "2023-11-28T15:36:31.851Z", "user": 1, "content_type": 17, "object_id": "2", "object_repr": "PC Main | 0 | 0", "action_flag": 1, "change_message": "[{\"added\": {}}]"}}, {"model": "admin.logentry", "pk": 69, "fields": {"action_time": "2023-11-28T15:36:44.910Z", "user": 1, "content_type": 17, "object_id": "2", "object_repr": "PC Main | 0 | 4", "action_flag": 2, "change_message": "[{\"changed\": {\"fields\": [\"Rating\"]}}]"}}, {"model": "admin.logentry", "pk": 70, "fields": {"action_time": "2023-11-28T15:37:31.853Z", "user": 1, "content_type": 15, "object_id": "1", "object_repr": "PC Main | 0", "action_flag": 2, "change_message": "[{\"changed\": {\"fields\": [\"Average rating\"]}}]"}}, {"model": "auth.permission", "pk": 1, "fields": {"name": "Can add log entry", "content_type": 1, "codename": "add_logentry"}}, {"model": "auth.permission", "pk": 2, "fields": {"name": "Can change log entry", "content_type": 1, "codename": "change_logentry"}}, {"model": "auth.permission", "pk": 3, "fields": {"name": "Can delete log entry", "content_type": 1, "codename": "delete_logentry"}}, {"model": "auth.permission", "pk": 4, "fields": {"name": "Can view log entry", "content_type": 1, "codename": "view_logentry"}}, {"model": "auth.permission", "pk": 5, "fields": {"name": "Can add permission", "content_type": 2, "codename": "add_permission"}}, {"model": "auth.permission", "pk": 6, "fields": {"name": "Can change permission", "content_type": 2, "codename": "change_permission"}}, {"model": "auth.permission", "pk": 7, "fields": {"name": "Can delete permission", "content_type": 2, "codename": "delete_permission"}}, {"model": "auth.permission", "pk": 8, "fields": {"name": "Can view permission", "content_type": 2, "codename": "view_permission"}}, {"model": "auth.permission", "pk": 9, "fields": {"name": "Can add group", "content_type": 3, "codename": "add_group"}}, {"model": "auth.permission", "pk": 10, "fields": {"name": "Can change group", "content_type": 3, "codename": "change_group"}}, {"model": "auth.permission", "pk": 11, "fields": {"name": "Can delete group", "content_type": 3, "codename": "delete_group"}}, {"model": "auth.permission", "pk": 12, "fields": {"name": "Can view group", "content_type": 3, "codename": "view_group"}}, {"model": "auth.permission", "pk": 13, "fields": {"name": "Can add content type", "content_type": 4, "codename": "add_contenttype"}}, {"model": "auth.permission", "pk": 14, "fields": {"name": "Can change content type", "content_type": 4, "codename": "change_contenttype"}}, {"model": "auth.permission", "pk": 15, "fields": {"name": "Can delete content type", "content_type": 4, "codename": "delete_contenttype"}}, {"model": "auth.permission", "pk": 16, "fields": {"name": "Can view content type", "content_type": 4, "codename": "view_contenttype"}}, {"model": "auth.permission", "pk": 17, "fields": {"name": "Can add session", "content_type": 5, "codename": "add_session"}}, {"model": "auth.permission", "pk": 18, "fields": {"name": "Can change session", "content_type": 5, "codename": "change_session"}}, {"model": "auth.permission", "pk": 19, "fields": {"name": "Can delete session", "content_type": 5, "codename": "delete_session"}}, {"model": "auth.permission", "pk": 20, "fields": {"name": "Can view session", "content_type": 5, "codename": "view_session"}}, {"model": "auth.permission", "pk": 21, "fields": {"name": "Can add country wiki", "content_type": 6, "codename": "add_countrywiki"}}, {"model": "auth.permission", "pk": 22, "fields": {"name": "Can change country wiki", "content_type": 6, "codename": "change_countrywiki"}}, {"model": "auth.permission", "pk": 23, "fields": {"name": "Can delete country wiki", "content_type": 6, "codename": "delete_countrywiki"}}, {"model": "auth.permission", "pk": 24, "fields": {"name": "Can view country wiki", "content_type": 6, "codename": "view_countrywiki"}}, {"model": "auth.permission", "pk": 25, "fields": {"name": "Can add payment option", "content_type": 7, "codename": "add_paymentoption"}}, {"model": "auth.permission", "pk": 26, "fields": {"name": "Can change payment option", "content_type": 7, "codename": "change_paymentoption"}}, {"model": "auth.permission", "pk": 27, "fields": {"name": "Can delete payment option", "content_type": 7, "codename": "delete_paymentoption"}}, {"model": "auth.permission", "pk": 28, "fields": {"name": "Can view payment option", "content_type": 7, "codename": "view_paymentoption"}}, {"model": "auth.permission", "pk": 29, "fields": {"name": "Can add region", "content_type": 8, "codename": "add_region"}}, {"model": "auth.permission", "pk": 30, "fields": {"name": "Can change region", "content_type": 8, "codename": "change_region"}}, {"model": "auth.permission", "pk": 31, "fields": {"name": "Can delete region", "content_type": 8, "codename": "delete_region"}}, {"model": "auth.permission", "pk": 32, "fields": {"name": "Can view region", "content_type": 8, "codename": "view_region"}}, {"model": "auth.permission", "pk": 33, "fields": {"name": "Can add country", "content_type": 9, "codename": "add_country"}}, {"model": "auth.permission", "pk": 34, "fields": {"name": "Can change country", "content_type": 9, "codename": "change_country"}}, {"model": "auth.permission", "pk": 35, "fields": {"name": "Can delete country", "content_type": 9, "codename": "delete_country"}}, {"model": "auth.permission", "pk": 36, "fields": {"name": "Can view country", "content_type": 9, "codename": "view_country"}}, {"model": "auth.permission", "pk": 37, "fields": {"name": "Can add industry", "content_type": 10, "codename": "add_industry"}}, {"model": "auth.permission", "pk": 38, "fields": {"name": "Can change industry", "content_type": 10, "codename": "change_industry"}}, {"model": "auth.permission", "pk": 39, "fields": {"name": "Can delete industry", "content_type": 10, "codename": "delete_industry"}}, {"model": "auth.permission", "pk": 40, "fields": {"name": "Can view industry", "content_type": 10, "codename": "view_industry"}}, {"model": "auth.permission", "pk": 41, "fields": {"name": "Can add user", "content_type": 11, "codename": "add_appuser"}}, {"model": "auth.permission", "pk": 42, "fields": {"name": "Can change user", "content_type": 11, "codename": "change_appuser"}}, {"model": "auth.permission", "pk": 43, "fields": {"name": "Can delete user", "content_type": 11, "codename": "delete_appuser"}}, {"model": "auth.permission", "pk": 44, "fields": {"name": "Can view user", "content_type": 11, "codename": "view_appuser"}}, {"model": "auth.permission", "pk": 45, "fields": {"name": "Can add blacklisted token", "content_type": 12, "codename": "add_blacklistedtoken"}}, {"model": "auth.permission", "pk": 46, "fields": {"name": "Can change blacklisted token", "content_type": 12, "codename": "change_blacklistedtoken"}}, {"model": "auth.permission", "pk": 47, "fields": {"name": "Can delete blacklisted token", "content_type": 12, "codename": "delete_blacklistedtoken"}}, {"model": "auth.permission", "pk": 48, "fields": {"name": "Can view blacklisted token", "content_type": 12, "codename": "view_blacklistedtoken"}}, {"model": "auth.permission", "pk": 49, "fields": {"name": "Can add outstanding token", "content_type": 13, "codename": "add_outstandingtoken"}}, {"model": "auth.permission", "pk": 50, "fields": {"name": "Can change outstanding token", "content_type": 13, "codename": "change_outstandingtoken"}}, {"model": "auth.permission", "pk": 51, "fields": {"name": "Can delete outstanding token", "content_type": 13, "codename": "delete_outstandingtoken"}}, {"model": "auth.permission", "pk": 52, "fields": {"name": "Can view outstanding token", "content_type": 13, "codename": "view_outstandingtoken"}}, {"model": "auth.permission", "pk": 53, "fields": {"name": "Can add wait list", "content_type": 14, "codename": "add_waitlist"}}, {"model": "auth.permission", "pk": 54, "fields": {"name": "Can change wait list", "content_type": 14, "codename": "change_waitlist"}}, {"model": "auth.permission", "pk": 55, "fields": {"name": "Can delete wait list", "content_type": 14, "codename": "delete_waitlist"}}, {"model": "auth.permission", "pk": 56, "fields": {"name": "Can view wait list", "content_type": 14, "codename": "view_waitlist"}}, {"model": "auth.permission", "pk": 57, "fields": {"name": "Can add payment gateway", "content_type": 15, "codename": "add_paymentgateway"}}, {"model": "auth.permission", "pk": 58, "fields": {"name": "Can change payment gateway", "content_type": 15, "codename": "change_paymentgateway"}}, {"model": "auth.permission", "pk": 59, "fields": {"name": "Can delete payment gateway", "content_type": 15, "codename": "delete_paymentgateway"}}, {"model": "auth.permission", "pk": 60, "fields": {"name": "Can view payment gateway", "content_type": 15, "codename": "view_paymentgateway"}}, {"model": "auth.permission", "pk": 61, "fields": {"name": "Can add payment method", "content_type": 16, "codename": "add_paymentmethod"}}, {"model": "auth.permission", "pk": 62, "fields": {"name": "Can change payment method", "content_type": 16, "codename": "change_paymentmethod"}}, {"model": "auth.permission", "pk": 63, "fields": {"name": "Can delete payment method", "content_type": 16, "codename": "delete_paymentmethod"}}, {"model": "auth.permission", "pk": 64, "fields": {"name": "Can view payment method", "content_type": 16, "codename": "view_paymentmethod"}}, {"model": "auth.permission", "pk": 65, "fields": {"name": "Can add user rating", "content_type": 17, "codename": "add_userrating"}}, {"model": "auth.permission", "pk": 66, "fields": {"name": "Can change user rating", "content_type": 17, "codename": "change_userrating"}}, {"model": "auth.permission", "pk": 67, "fields": {"name": "Can delete user rating", "content_type": 17, "codename": "delete_userrating"}}, {"model": "auth.permission", "pk": 68, "fields": {"name": "Can view user rating", "content_type": 17, "codename": "view_userrating"}}, {"model": "contenttypes.contenttype", "pk": 1, "fields": {"app_label": "admin", "model": "logentry"}}, {"model": "contenttypes.contenttype", "pk": 2, "fields": {"app_label": "auth", "model": "permission"}}, {"model": "contenttypes.contenttype", "pk": 3, "fields": {"app_label": "auth", "model": "group"}}, {"model": "contenttypes.contenttype", "pk": 4, "fields": {"app_label": "contenttypes", "model": "contenttype"}}, {"model": "contenttypes.contenttype", "pk": 5, "fields": {"app_label": "sessions", "model": "session"}}, {"model": "contenttypes.contenttype", "pk": 6, "fields": {"app_label": "paymentoptions", "model": "countrywiki"}}, {"model": "contenttypes.contenttype", "pk": 7, "fields": {"app_label": "paymentoptions", "model": "paymentoption"}}, {"model": "contenttypes.contenttype", "pk": 8, "fields": {"app_label": "countries", "model": "region"}}, {"model": "contenttypes.contenttype", "pk": 9, "fields": {"app_label": "countries", "model": "country"}}, {"model": "contenttypes.contenttype", "pk": 10, "fields": {"app_label": "account", "model": "industry"}}, {"model": "contenttypes.contenttype", "pk": 11, "fields": {"app_label": "account", "model": "appuser"}}, {"model": "contenttypes.contenttype", "pk": 12, "fields": {"app_label": "token_blacklist", "model": "blacklistedtoken"}}, {"model": "contenttypes.contenttype", "pk": 13, "fields": {"app_label": "token_blacklist", "model": "outstandingtoken"}}, {"model": "contenttypes.contenttype", "pk": 14, "fields": {"app_label": "account", "model": "waitlist"}}, {"model": "contenttypes.contenttype", "pk": 15, "fields": {"app_label": "paymentoptions", "model": "paymentgateway"}}, {"model": "contenttypes.contenttype", "pk": 16, "fields": {"app_label": "paymentoptions", "model": "paymentmethod"}}, {"model": "contenttypes.contenttype", "pk": 17, "fields": {"app_label": "paymentoptions", "model": "userrating"}}, {"model": "sessions.session", "pk": "59r0gvdkn7w0whtgm2bwprsffropj2uy", "fields": {"session_data": ".eJxVjEEOwiAQRe_C2pAOUBCX7j0DgZlBqgaS0q6Md7dNutDtf-_9twhxXUpYO89hInERIE6_W4r45LoDesR6bxJbXeYpyV2RB-3y1ohf18P9Oyixl622Z8gEGlyGMXtCQmAHlgdy4LUlY5JWagC2Gq3PQAYIcfTZJcVbIz5f2zQ30g:1r3AlK:cMgjOT1UjszdWPokE_ia1xJrHk6_8RE2MjrCZqsOud4", "expire_date": "2023-11-29T07:56:38.527Z"}}, {"model": "sessions.session", "pk": "608sszc3965pojczaxrloh8ez0s68ojo", "fields": {"session_data": ".eJxVjEEOwiAQRe_C2pAOUBCX7j0DgZlBqgaS0q6Md7dNutDtf-_9twhxXUpYO89hInERIE6_W4r45LoDesR6bxJbXeYpyV2RB-3y1ohf18P9Oyixl622Z8gEGlyGMXtCQmAHlgdy4LUlY5JWagC2Gq3PQAYIcfTZJcVbIz5f2zQ30g:1r16zX:9HcQnD_NgXwO_7pO0jNNlpV2EbHpuXQyxFgbbxMNN9E", "expire_date": "2023-11-23T15:30:47.460Z"}}, {"model": "token_blacklist.outstandingtoken", "pk": 1, "fields": {"user": 53, "jti": "af0e748b69e945bca48855247b2290a2", "token": "eyJhbGciOiJIUzI1NiIsInR5cCI6IkpXVCJ9.eyJ0b2tlbl90eXBlIjoicmVmcmVzaCIsImV4cCI6MTcwMTQ4OTAyNCwiaWF0IjoxNzAwMjc5NDI0LCJqdGkiOiJhZjBlNzQ4YjY5ZTk0NWJjYTQ4ODU1MjQ3YjIyOTBhMiIsInVzZXJfaWQiOjUzfQ.7NZXxPWJr72wonBdn7jbwtt0eN-cXI_fAPRf1I9hBQY", "created_at": "2023-11-18T03:50:24.414Z", "expires_at": "2023-12-02T03:50:24Z"}}, {"model": "token_blacklist.outstandingtoken", "pk": 2, "fields": {"user": 54, "jti": "5aed837ed96d408d89294f368def4af9", "token": "eyJhbGciOiJIUzI1NiIsInR5cCI6IkpXVCJ9.eyJ0b2tlbl90eXBlIjoicmVmcmVzaCIsImV4cCI6MTcwMTU0NTMyMCwiaWF0IjoxNzAwMzM1NzIwLCJqdGkiOiI1YWVkODM3ZWQ5NmQ0MDhkODkyOTRmMzY4ZGVmNGFmOSIsInVzZXJfaWQiOjU0fQ.EfzbOLqtOZnnNh0YBfiaWp4Ewq8Oi3N_AA2QFsGGLSE", "created_at": "2023-11-18T19:28:40.537Z", "expires_at": "2023-12-02T19:28:40Z"}}, {"model": "token_blacklist.outstandingtoken", "pk": 3, "fields": {"user": 55, "jti": "86cc346bb1c4492795027522da81776c", "token": "eyJhbGciOiJIUzI1NiIsInR5cCI6IkpXVCJ9.eyJ0b2tlbl90eXBlIjoicmVmcmVzaCIsImV4cCI6MTcwMTk3MDcyOCwiaWF0IjoxNzAwNzYxMTI4LCJqdGkiOiI4NmNjMzQ2YmIxYzQ0OTI3OTUwMjc1MjJkYTgxNzc2YyIsInVzZXJfaWQiOjU1fQ.zXZ-2p4NtqMzxa-Upr9ReRh83ImrfUBCsxsuaG_bxg8", "created_at": "2023-11-23T17:38:48.202Z", "expires_at": "2023-12-07T17:38:48Z"}}, {"model": "paymentoptions.paymentmethod", "pk": 1, "fields": {"name": "Test", "logo": "payment-option.png/"}}, {"model": "paymentoptions.paymentgateway", "pk": 1, "fields": {"name": "PC Main", "bio": "This is a brand.", "about": "This is a brand made for everyone.", "target_audience": "You are our audience.", "logo": "payment_gateway/cashless-payment.png", "rate_sum": 0, "total_ratings": 0, "average_rating": 3, "payment_options": [1], "countries": [4, 5, 8]}}, {"model": "paymentoptions.userrating", "pk": 1, "fields": {"user": 51, "payment_gateway": 1, "rating": 3}}, {"model": "paymentoptions.userrating", "pk": 2, "fields": {"user": 53, "payment_gateway": 1, "rating": 4}}, {"model": "countries.region", "pk": 1, "fields": {"name": "Others"}}, {"model": "countries.region", "pk": 2, "fields": {"name": "Oceania"}}, {"model": "countries.region", "pk": 3, "fields": {"name": "Americas"}}, {"model": "countries.region", "pk": 4, "fields": {"name": "Africa"}}, {"model": "countries.region", "pk": 5, "fields": {"name": "Europe"}}, {"model": "countries.region", "pk": 6, "fields": {"name": "Asia"}}, {"model": "countries.region", "pk": 7, "fields": {"name": "Antarctic"}}, {"model": "countries.country", "pk": 1, "fields": {"name": "French Polynesia", "region": 2, "capital": "Papeete"}}, {"model": "countries.country", "pk": 2, "fields": {"name": "Saint Martin", "region": 3, "capital": "Marigot"}}, {"model": "countries.country", "pk": 3, "fields": {"name": "Venezuela", "region": 3, "capital": "Caracas"}}, {"model": "countries.country", "pk": 4, "fields": {"name": "Reunion", "region": 4, "capital": "Saint-Denis"}}, {"model": "countries.country", "pk": 5, "fields": {"name": "El Salvador", "region": 3, "capital": "San Salvador"}}, {"model": "countries.country", "pk": 6, "fields": {"name": "Dominica", "region": 3, "capital": "Roseau"}}, {"model": "countries.country", "pk": 7, "fields": {"name": "Gibraltar", "region": 5, "capital": "Gibraltar"}}, {"model": "countries.country", "pk": 8, "fields": {"name": "Kenya", "region": 4, "capital": "Nairobi"}}, {"model": "countries.country", "pk": 9, "fields": {"name": "Brazil", "region": 3, "capital": "Brasilia"}}, {"model": "countries.country", "pk": 10, "fields": {"name": "Maldives", "region": 6, "capital": "Male"}}, {"model": "countries.country", "pk": 11, "fields": {"name": "United States", "region": 3, "capital": "Washington, D.C."}}, {"model": "countries.country", "pk": 12, "fields": {"name": "Cook Islands", "region": 2, "capital": "Avarua"}}, {"model": "countries.country", "pk": 13, "fields": {"name": "Niue", "region": 2, "capital": "Alofi"}}, {"model": "countries.country", "pk": 14, "fields": {"name": "Seychelles", "region": 4, "capital": "Victoria"}}, {"model": "countries.country", "pk": 15, "fields": {"name": "Central African Republic", "region": 4, "capital": "Bangui"}}, {"model": "countries.country", "pk": 16, "fields": {"name": "Tokelau", "region": 2, "capital": "Fakaofo"}}, {"model": "countries.country", "pk": 17, "fields": {"name": "Vanuatu", "region": 2, "capital": "Port Vila"}}, {"model": "countries.country", "pk": 18, "fields": {"name": "Gambia", "region": 4, "capital": "Banjul"}}, {"model": "countries.country", "pk": 19, "fields": {"name": "Guyana", "region": 3, "capital": "Georgetown"}}, {"model": "countries.country", "pk": 20, "fields": {"name": "Falkland Islands", "region": 3, "capital": "Stanley"}}, {"model": "countries.country", "pk": 21, "fields": {"name": "Belgium", "region": 5, "capital": "Brussels"}}, {"model": "countries.country", "pk": 22, "fields": {"name": "Western Sahara", "region": 4, "capital": "Laayoune"}}, {"model": "countries.country", "pk": 23, "fields": {"name": "Turkey", "region": 6, "capital": "Ankara"}}, {"model": "countries.country", "pk": 24, "fields": {"name": "Saint Vincent and the Grenadines", "region": 3, "capital": "Kingstown"}}, {"model": "countries.country", "pk": 25, "fields": {"name": "Pakistan", "region": 6, "capital": "Islamabad"}}, {"model": "countries.country", "pk": 26, "fields": {"name": "Aland Islands", "region": 5, "capital": "Mariehamn"}}, {"model": "countries.country", "pk": 27, "fields": {"name": "Iran", "region": 6, "capital": "Tehran"}}, {"model": "countries.country", "pk": 28, "fields": {"name": "Indonesia", "region": 6, "capital": "Jakarta"}}, {"model": "countries.country", "pk": 29, "fields": {"name": "New Zealand", "region": 2, "capital": "Wellington"}}, {"model": "countries.country", "pk": 30, "fields": {"name": "Afghanistan", "region": 6, "capital": "Kabul"}}, {"model": "countries.country", "pk": 31, "fields": {"name": "Guam", "region": 2, "capital": "Hagatna"}}, {"model": "countries.country", "pk": 32, "fields": {"name": "Albania", "region": 5, "capital": "Tirana"}}, {"model": "countries.country", "pk": 33, "fields": {"name": "DR Congo", "region": 4, "capital": "Kinshasa"}}, {"model": "countries.country", "pk": 34, "fields": {"name": "Ivory Coast", "region": 4, "capital": "Yamoussoukro"}}, {"model": "countries.country", "pk": 35, "fields": {"name": "Sudan", "region": 4, "capital": "Khartoum"}}, {"model": "countries.country", "pk": 36, "fields": {"name": "Timor-Leste", "region": 6, "capital": "Dili"}}, {"model": "countries.country", "pk": 37, "fields": {"name": "Luxembourg", "region": 5, "capital": "Luxembourg"}}, {"model": "countries.country", "pk": 38, "fields": {"name": "Saudi Arabia", "region": 6, "capital": "Riyadh"}}, {"model": "countries.country", "pk": 39, "fields": {"name": "Cambodia", "region": 6, "capital": "Phnom Penh"}}, {"model": "countries.country", "pk": 40, "fields": {"name": "Nepal", "region": 6, "capital": "Kathmandu"}}, {"model": "countries.country", "pk": 41, "fields": {"name": "French Guiana", "region": 3, "capital": "Cayenne"}}, {"model": "countries.country", "pk": 42, "fields": {"name": "Malaysia", "region": 6, "capital": "Kuala Lumpur"}}, {"model": "countries.country", "pk": 43, "fields": {"name": "Rwanda", "region": 4, "capital": "Kigali"}}, {"model": "countries.country", "pk": 44, "fields": {"name": "Thailand", "region": 6, "capital": "Bangkok"}}, {"model": "countries.country", "pk": 45, "fields": {"name": "Antarctica", "region": 7, "capital": "N/A"}}, {"model": "countries.country", "pk": 46, "fields": {"name": "Jordan", "region": 6, "capital": "Amman"}}, {"model": "countries.country", "pk": 47, "fields": {"name": "Switzerland", "region": 5, "capital": "Bern"}}, {"model": "countries.country", "pk": 48, "fields": {"name": "Comoros", "region": 4, "capital": "Moroni"}}, {"model": "countries.country", "pk": 49, "fields": {"name": "Kosovo", "region": 5, "capital": "Pristina"}}, {"model": "countries.country", "pk": 50, "fields": {"name": "Isle of Man", "region": 5, "capital": "Douglas"}}, {"model": "countries.country", "pk": 51, "fields": {"name": "Montenegro", "region": 5, "capital": "Podgorica"}}, {"model": "countries.country", "pk": 52, "fields": {"name": "Hong Kong", "region": 6, "capital": "City of Victoria"}}, {"model": "countries.country", "pk": 53, "fields": {"name": "Jersey", "region": 5, "capital": "Saint Helier"}}, {"model": "countries.country", "pk": 54, "fields": {"name": "Tajikistan", "region": 6, "capital": "Dushanbe"}}, {"model": "countries.country", "pk": 55, "fields": {"name": "Bulgaria", "region": 5, "capital": "Sofia"}}, {"model": "countries.country", "pk": 56, "fields": {"name": "Egypt", "region": 4, "capital": "Cairo"}}, {"model": "countries.country", "pk": 57, "fields": {"name": "Malawi", "region": 4, "capital": "Lilongwe"}}, {"model": "countries.country", "pk": 58, "fields": {"name": "Cape Verde", "region": 4, "capital": "Praia"}}, {"model": "countries.country", "pk": 59, "fields": {"name": "Benin", "region": 4, "capital": "Porto-Novo"}}, {"model": "countries.country", "pk": 60, "fields": {"name": "Morocco", "region": 4, "capital": "Rabat"}}, {"model": "countries.country", "pk": 61, "fields": {"name": "Ireland", "region": 5, "capital": "Dublin"}}, {"model": "countries.country", "pk": 62, "fields": {"name": "Moldova", "region": 5, "capital": "Chisinau"}}, {"model": "countries.country", "pk": 63, "fields": {"name": "Denmark", "region": 5, "capital": "Copenhagen"}}, {"model": "countries.country", "pk": 64, "fields": {"name": "Turkmenistan", "region": 6, "capital": "Ashgabat"}}, {"model": "countries.country", "pk": 65, "fields": {"name": "Micronesia", "region": 2, "capital": "Palikir"}}, {"model": "countries.country", "pk": 66, "fields": {"name": "Monaco", "region": 5, "capital": "Monaco"}}, {"model": "countries.country", "pk": 67, "fields": {"name": "Barbados", "region": 3, "capital": "Bridgetown"}}, {"model": "countries.country", "pk": 68, "fields": {"name": "Algeria", "region": 4, "capital": "Algiers"}}, {"model": "countries.country", "pk": 69, "fields": {"name": "French Southern and Antarctic Lands", "region": 7, "capital": "Port-aux-Francais"}}, {"model": "countries.country", "pk": 70, "fields": {"name": "Eritrea", "region": 4, "capital": "Asmara"}}, {"model": "countries.country", "pk": 71, "fields": {"name": "Lesotho", "region": 4, "capital": "Maseru"}}, {"model": "countries.country", "pk": 72, "fields": {"name": "Tanzania", "region": 4, "capital": "Dodoma"}}, {"model": "countries.country", "pk": 73, "fields": {"name": "Mali", "region": 4, "capital": "Bamako"}}, {"model": "countries.country", "pk": 74, "fields": {"name": "Niger", "region": 4, "capital": "Niamey"}}, {"model": "countries.country", "pk": 75, "fields": {"name": "Andorra", "region": 5, "capital": "Andorra la Vella"}}, {"model": "countries.country", "pk": 76, "fields": {"name": "United Kingdom", "region": 5, "capital": "London"}}, {"model": "countries.country", "pk": 77, "fields": {"name": "Germany", "region": 5, "capital": "Berlin"}}, {"model": "countries.country", "pk": 78, "fields": {"name": "United States Virgin Islands", "region": 3, "capital": "Charlotte Amalie"}}, {"model": "countries.country", "pk": 79, "fields": {"name": "Somalia", "region": 4, "capital": "Mogadishu"}}, {"model": "countries.country", "pk": 80, "fields": {"name": "Sint Maarten", "region": 3, "capital": "Philipsburg"}}, {"model": "countries.country", "pk": 81, "fields": {"name": "Cameroon", "region": 4, "capital": "Yaounde"}}, {"model": "countries.country", "pk": 82, "fields": {"name": "Dominican Republic", "region": 3, "capital": "Santo Domingo"}}, {"model": "countries.country", "pk": 83, "fields": {"name": "Guinea", "region": 4, "capital": "Conakry"}}, {"model": "countries.country", "pk": 84, "fields": {"name": "Namibia", "region": 4, "capital": "Windhoek"}}, {"model": "countries.country", "pk": 85, "fields": {"name": "Montserrat", "region": 3, "capital": "Plymouth"}}, {"model": "countries.country", "pk": 86, "fields": {"name": "South Georgia", "region": 7, "capital": "King Edward Point"}}, {"model": "countries.country", "pk": 87, "fields": {"name": "Senegal", "region": 4, "capital": "Dakar"}}, {"model": "countries.country", "pk": 88, "fields": {"name": "Bouvet Island", "region": 7, "capital": "N/A"}}, {"model": "countries.country", "pk": 89, "fields": {"name": "Solomon Islands", "region": 2, "capital": "Honiara"}}, {"model": "countries.country", "pk": 90, "fields": {"name": "France", "region": 5, "capital": "Paris"}}, {"model": "countries.country", "pk": 91, "fields": {"name": "Saint Helena, Ascension and Tristan da Cunha", "region": 4, "capital": "Jamestown"}}, {"model": "countries.country", "pk": 92, "fields": {"name": "Macau", "region": 6, "capital": "N/A"}}, {"model": "countries.country", "pk": 93, "fields": {"name": "Argentina", "region": 3, "capital": "Buenos Aires"}}, {"model": "countries.country", "pk": 94, "fields": {"name": "Bosnia and Herzegovina", "region": 5, "capital": "Sarajevo"}}, {"model": "countries.country", "pk": 95, "fields": {"name": "Anguilla", "region": 3, "capital": "The Valley"}}, {"model": "countries.country", "pk": 96, "fields": {"name": "Guernsey", "region": 5, "capital": "St. Peter Port"}}, {"model": "countries.country", "pk": 97, "fields": {"name": "Djibouti", "region": 4, "capital": "Djibouti"}}, {"model": "countries.country", "pk": 98, "fields": {"name": "Saint Kitts and Nevis", "region": 3, "capital": "Basseterre"}}, {"model": "countries.country", "pk": 99, "fields": {"name": "Syria", "region": 6, "capital": "Damascus"}}, {"model": "countries.country", "pk": 100, "fields": {"name": "Puerto Rico", "region": 3, "capital": "San Juan"}}, {"model": "countries.country", "pk": 101, "fields": {"name": "Peru", "region": 3, "capital": "Lima"}}, {"model": "countries.country", "pk": 102, "fields": {"name": "San Marino", "region": 5, "capital": "City of San Marino"}}, {"model": "countries.country", "pk": 103, "fields": {"name": "Australia", "region": 2, "capital": "Canberra"}}, {"model": "countries.country", "pk": 104, "fields": {"name": "New Caledonia", "region": 2, "capital": "Noumea"}}, {"model": "countries.country", "pk": 105, "fields": {"name": "Jamaica", "region": 3, "capital": "Kingston"}}, {"model": "countries.country", "pk": 106, "fields": {"name": "Kazakhstan", "region": 6, "capital": "Nur-Sultan"}}, {"model": "countries.country", "pk": 107, "fields": {"name": "Sierra Leone", "region": 4, "capital": "Freetown"}}, {"model": "countries.country", "pk": 108, "fields": {"name": "Palau", "region": 2, "capital": "Ngerulmud"}}, {"model": "countries.country", "pk": 109, "fields": {"name": "South Korea", "region": 6, "capital": "Seoul"}}, {"model": "countries.country", "pk": 110, "fields": {"name": "Saint Pierre and Miquelon", "region": 3, "capital": "Saint-Pierre"}}, {"model": "countries.country", "pk": 111, "fields": {"name": "Belize", "region": 3, "capital": "Belmopan"}}, {"model": "countries.country", "pk": 112, "fields": {"name": "Papua New Guinea", "region": 2, "capital": "Port Moresby"}}, {"model": "countries.country", "pk": 113, "fields": {"name": "Iceland", "region": 5, "capital": "Reykjavik"}}, {"model": "countries.country", "pk": 114, "fields": {"name": "American Samoa", "region": 2, "capital": "Pago Pago"}}, {"model": "countries.country", "pk": 115, "fields": {"name": "Burkina Faso", "region": 4, "capital": "Ouagadougou"}}, {"model": "countries.country", "pk": 116, "fields": {"name": "Portugal", "region": 5, "capital": "Lisbon"}}, {"model": "countries.country", "pk": 117, "fields": {"name": "Taiwan", "region": 6, "capital": "Taipei"}}, {"model": "countries.country", "pk": 118, "fields": {"name": "Japan", "region": 6, "capital": "Tokyo"}}, {"model": "countries.country", "pk": 119, "fields": {"name": "China", "region": 6, "capital": "Beijing"}}, {"model": "countries.country", "pk": 120, "fields": {"name": "Lebanon", "region": 6, "capital": "Beirut"}}, {"model": "countries.country", "pk": 121, "fields": {"name": "Sri Lanka", "region": 6, "capital": "Sri Jayawardenepura Kotte"}}, {"model": "countries.country", "pk": 122, "fields": {"name": "Guatemala", "region": 3, "capital": "Guatemala City"}}, {"model": "countries.country", "pk": 123, "fields": {"name": "Serbia", "region": 5, "capital": "Belgrade"}}, {"model": "countries.country", "pk": 124, "fields": {"name": "Madagascar", "region": 4, "capital": "Antananarivo"}}, {"model": "countries.country", "pk": 125, "fields": {"name": "Eswatini", "region": 4, "capital": "Mbabane"}}, {"model": "countries.country", "pk": 126, "fields": {"name": "Romania", "region": 5, "capital": "Bucharest"}}, {"model": "countries.country", "pk": 127, "fields": {"name": "Antigua and Barbuda", "region": 3, "capital": "Saint John's"}}, {"model": "countries.country", "pk": 128, "fields": {"name": "Curacao", "region": 3, "capital": "Willemstad"}}, {"model": "countries.country", "pk": 129, "fields": {"name": "Zambia", "region": 4, "capital": "Lusaka"}}, {"model": "countries.country", "pk": 130, "fields": {"name": "Zimbabwe", "region": 4, "capital": "Harare"}}, {"model": "countries.country", "pk": 131, "fields": {"name": "Tunisia", "region": 4, "capital": "Tunis"}}, {"model": "countries.country", "pk": 132, "fields": {"name": "United Arab Emirates", "region": 6, "capital": "Abu Dhabi"}}, {"model": "countries.country", "pk": 133, "fields": {"name": "Mongolia", "region": 6, "capital": "Ulan Bator"}}, {"model": "countries.country", "pk": 134, "fields": {"name": "Norway", "region": 5, "capital": "Oslo"}}, {"model": "countries.country", "pk": 135, "fields": {"name": "Greenland", "region": 3, "capital": "Nuuk"}}, {"model": "countries.country", "pk": 136, "fields": {"name": "Uruguay", "region": 3, "capital": "Montevideo"}}, {"model": "countries.country", "pk": 137, "fields": {"name": "Bahamas", "region": 3, "capital": "Nassau"}}, {"model": "countries.country", "pk": 138, "fields": {"name": "Russia", "region": 5, "capital": "Moscow"}}, {"model": "countries.country", "pk": 139, "fields": {"name": "British Virgin Islands", "region": 3, "capital": "Road Town"}}, {"model": "countries.country", "pk": 140, "fields": {"name": "Wallis and Futuna", "region": 2, "capital": "Mata-Utu"}}, {"model": "countries.country", "pk": 141, "fields": {"name": "Chad", "region": 4, "capital": "N'Djamena"}}, {"model": "countries.country", "pk": 142, "fields": {"name": "Saint Lucia", "region": 3, "capital": "Castries"}}, {"model": "countries.country", "pk": 143, "fields": {"name": "Yemen", "region": 6, "capital": "Sana'a"}}, {"model": "countries.country", "pk": 144, "fields": {"name": "United States Minor Outlying Islands", "region": 3, "capital": "Washington DC"}}, {"model": "countries.country", "pk": 145, "fields": {"name": "Sweden", "region": 5, "capital": "Stockholm"}}, {"model": "countries.country", "pk": 146, "fields": {"name": "Svalbard and Jan Mayen", "region": 5, "capital": "Longyearbyen"}}, {"model": "countries.country", "pk": 147, "fields": {"name": "Laos", "region": 6, "capital": "Vientiane"}}, {"model": "countries.country", "pk": 148, "fields": {"name": "Latvia", "region": 5, "capital": "Riga"}}, {"model": "countries.country", "pk": 149, "fields": {"name": "Colombia", "region": 3, "capital": "Bogota"}}, {"model": "countries.country", "pk": 150, "fields": {"name": "Grenada", "region": 3, "capital": "St. George's"}}, {"model": "countries.country", "pk": 151, "fields": {"name": "Saint Barthelemy", "region": 3, "capital": "Gustavia"}}, {"model": "countries.country", "pk": 152, "fields": {"name": "Canada", "region": 3, "capital": "Ottawa"}}, {"model": "countries.country", "pk": 153, "fields": {"name": "Heard Island and McDonald Islands", "region": 7, "capital": "N/A"}}, {"model": "countries.country", "pk": 154, "fields": {"name": "India", "region": 6, "capital": "New Delhi"}}, {"model": "countries.country", "pk": 155, "fields": {"name": "Guinea-Bissau", "region": 4, "capital": "Bissau"}}, {"model": "countries.country", "pk": 156, "fields": {"name": "North Macedonia", "region": 5, "capital": "Skopje"}}, {"model": "countries.country", "pk": 157, "fields": {"name": "Paraguay", "region": 3, "capital": "Asuncion"}}, {"model": "countries.country", "pk": 158, "fields": {"name": "Croatia", "region": 5, "capital": "Zagreb"}}, {"model": "countries.country", "pk": 159, "fields": {"name": "Costa Rica", "region": 3, "capital": "San Jose"}}, {"model": "countries.country", "pk": 160, "fields": {"name": "Uganda", "region": 4, "capital": "Kampala"}}, {"model": "countries.country", "pk": 161, "fields": {"name": "Caribbean Netherlands", "region": 3, "capital": "Kralendijk"}}, {"model": "countries.country", "pk": 162, "fields": {"name": "Bolivia", "region": 3, "capital": "Sucre"}}, {"model": "countries.country", "pk": 163, "fields": {"name": "Togo", "region": 4, "capital": "Lome"}}, {"model": "countries.country", "pk": 164, "fields": {"name": "Mayotte", "region": 4, "capital": "Mamoudzou"}}, {"model": "countries.country", "pk": 165, "fields": {"name": "Marshall Islands", "region": 2, "capital": "Majuro"}}, {"model": "countries.country", "pk": 166, "fields": {"name": "North Korea", "region": 6, "capital": "Pyongyang"}}, {"model": "countries.country", "pk": 167, "fields": {"name": "Netherlands", "region": 5, "capital": "Amsterdam"}}, {"model": "countries.country", "pk": 168, "fields": {"name": "British Indian Ocean Territory", "region": 4, "capital": "Diego Garcia"}}, {"model": "countries.country", "pk": 169, "fields": {"name": "Malta", "region": 5, "capital": "Valletta"}}, {"model": "countries.country", "pk": 170, "fields": {"name": "Mauritius", "region": 4, "capital": "Port Louis"}}, {"model": "countries.country", "pk": 171, "fields": {"name": "Norfolk Island", "region": 2, "capital": "Kingston"}}, {"model": "countries.country", "pk": 172, "fields": {"name": "Honduras", "region": 3, "capital": "Tegucigalpa"}}, {"model": "countries.country", "pk": 173, "fields": {"name": "Spain", "region": 5, "capital": "Madrid"}}, {"model": "countries.country", "pk": 174, "fields": {"name": "Estonia", "region": 5, "capital": "Tallinn"}}, {"model": "countries.country", "pk": 175, "fields": {"name": "Kyrgyzstan", "region": 6, "capital": "Bishkek"}}, {"model": "countries.country", "pk": 176, "fields": {"name": "Chile", "region": 3, "capital": "Santiago"}}, {"model": "countries.country", "pk": 177, "fields": {"name": "Bermuda", "region": 3, "capital": "Hamilton"}}, {"model": "countries.country", "pk": 178, "fields": {"name": "Equatorial Guinea", "region": 4, "capital": "Malabo"}}, {"model": "countries.country", "pk": 179, "fields": {"name": "Liberia", "region": 4, "capital": "Monrovia"}}, {"model": "countries.country", "pk": 180, "fields": {"name": "Pitcairn Islands", "region": 2, "capital": "Adamstown"}}, {"model": "countries.country", "pk": 181, "fields": {"name": "Libya", "region": 4, "capital": "Tripoli"}}, {"model": "countries.country", "pk": 182, "fields": {"name": "Liechtenstein", "region": 5, "capital": "Vaduz"}}, {"model": "countries.country", "pk": 183, "fields": {"name": "Vatican City", "region": 5, "capital": "Vatican City"}}, {"model": "countries.country", "pk": 184, "fields": {"name": "Christmas Island", "region": 2, "capital": "Flying Fish Cove"}}, {"model": "countries.country", "pk": 185, "fields": {"name": "Oman", "region": 6, "capital": "Muscat"}}, {"model": "countries.country", "pk": 186, "fields": {"name": "Philippines", "region": 6, "capital": "Manila"}}, {"model": "countries.country", "pk": 187, "fields": {"name": "Poland", "region": 5, "capital": "Warsaw"}}, {"model": "countries.country", "pk": 188, "fields": {"name": "Faroe Islands", "region": 5, "capital": "Torshavn"}}, {"model": "countries.country", "pk": 189, "fields": {"name": "Bahrain", "region": 6, "capital": "Manama"}}, {"model": "countries.country", "pk": 190, "fields": {"name": "Belarus", "region": 5, "capital": "Minsk"}}, {"model": "countries.country", "pk": 191, "fields": {"name": "Slovenia", "region": 5, "capital": "Ljubljana"}}, {"model": "countries.country", "pk": 192, "fields": {"name": "Guadeloupe", "region": 3, "capital": "Basse-Terre"}}, {"model": "countries.country", "pk": 193, "fields": {"name": "Qatar", "region": 6, "capital": "Doha"}}, {"model": "countries.country", "pk": 194, "fields": {"name": "Vietnam", "region": 6, "capital": "Hanoi"}}, {"model": "countries.country", "pk": 195, "fields": {"name": "Mauritania", "region": 4, "capital": "Nouakchott"}}, {"model": "countries.country", "pk": 196, "fields": {"name": "Singapore", "region": 6, "capital": "Singapore"}}, {"model": "countries.country", "pk": 197, "fields": {"name": "Georgia", "region": 6, "capital": "Tbilisi"}}, {"model": "countries.country", "pk": 198, "fields": {"name": "Burundi", "region": 4, "capital": "Gitega"}}, {"model": "countries.country", "pk": 199, "fields": {"name": "Nauru", "region": 2, "capital": "Yaren"}}, {"model": "countries.country", "pk": 200, "fields": {"name": "South Sudan", "region": 4, "capital": "Juba"}}, {"model": "countries.country", "pk": 201, "fields": {"name": "Samoa", "region": 2, "capital": "Apia"}}, {"model": "countries.country", "pk": 202, "fields": {"name": "Cocos (Keeling) Islands", "region": 2, "capital": "West Island"}}, {"model": "countries.country", "pk": 203, "fields": {"name": "Republic of the Congo", "region": 4, "capital": "Brazzaville"}}, {"model": "countries.country", "pk": 204, "fields": {"name": "Cyprus", "region": 5, "capital": "Nicosia"}}, {"model": "countries.country", "pk": 205, "fields": {"name": "Kuwait", "region": 6, "capital": "Kuwait City"}}, {"model": "countries.country", "pk": 206, "fields": {"name": "Trinidad and Tobago", "region": 3, "capital": "Port of Spain"}}, {"model": "countries.country", "pk": 207, "fields": {"name": "Tuvalu", "region": 2, "capital": "Funafuti"}}, {"model": "countries.country", "pk": 208, "fields": {"name": "Angola", "region": 4, "capital": "Luanda"}}, {"model": "countries.country", "pk": 209, "fields": {"name": "Tonga", "region": 2, "capital": "Nuku'alofa"}}, {"model": "countries.country", "pk": 210, "fields": {"name": "Greece", "region": 5, "capital": "Athens"}}, {"model": "countries.country", "pk": 211, "fields": {"name": "Mozambique", "region": 4, "capital": "Maputo"}}, {"model": "countries.country", "pk": 212, "fields": {"name": "Myanmar", "region": 6, "capital": "Naypyidaw"}}, {"model": "countries.country", "pk": 213, "fields": {"name": "Austria", "region": 5, "capital": "Vienna"}}, {"model": "countries.country", "pk": 214, "fields": {"name": "Ethiopia", "region": 4, "capital": "Addis Ababa"}}, {"model": "countries.country", "pk": 215, "fields": {"name": "Martinique", "region": 3, "capital": "Fort-de-France"}}, {"model": "countries.country", "pk": 216, "fields": {"name": "Azerbaijan", "region": 6, "capital": "Baku"}}, {"model": "countries.country", "pk": 217, "fields": {"name": "Uzbekistan", "region": 6, "capital": "Tashkent"}}, {"model": "countries.country", "pk": 218, "fields": {"name": "Bangladesh", "region": 6, "capital": "Dhaka"}}, {"model": "countries.country", "pk": 219, "fields": {"name": "Armenia", "region": 6, "capital": "Yerevan"}}, {"model": "countries.country", "pk": 220, "fields": {"name": "Nigeria", "region": 4, "capital": "Abuja"}}, {"model": "countries.country", "pk": 221, "fields": {"name": "South Africa", "region": 4, "capital": "Pretoria"}}, {"model": "countries.country", "pk": 222, "fields": {"name": "Brunei", "region": 6, "capital": "Bandar Seri Begawan"}}, {"model": "countries.country", "pk": 223, "fields": {"name": "Italy", "region": 5, "capital": "Rome"}}, {"model": "countries.country", "pk": 224, "fields": {"name": "Finland", "region": 5, "capital": "Helsinki"}}, {"model": "countries.country", "pk": 225, "fields": {"name": "Israel", "region": 6, "capital": "Jerusalem"}}, {"model": "countries.country", "pk": 226, "fields": {"name": "Aruba", "region": 3, "capital": "Oranjestad"}}, {"model": "countries.country", "pk": 227, "fields": {"name": "Nicaragua", "region": 3, "capital": "Managua"}}, {"model": "countries.country", "pk": 228, "fields": {"name": "Haiti", "region": 3, "capital": "Port-au-Prince"}}, {"model": "countries.country", "pk": 229, "fields": {"name": "Kiribati", "region": 2, "capital": "South Tarawa"}}, {"model": "countries.country", "pk": 230, "fields": {"name": "Turks and Caicos Islands", "region": 3, "capital": "Cockburn Town"}}, {"model": "countries.country", "pk": 231, "fields": {"name": "Cayman Islands", "region": 3, "capital": "George Town"}}, {"model": "countries.country", "pk": 232, "fields": {"name": "Ukraine", "region": 5, "capital": "Kyiv"}}, {"model": "countries.country", "pk": 233, "fields": {"name": "Mexico", "region": 3, "capital": "Mexico City"}}, {"model": "countries.country", "pk": 234, "fields": {"name": "Palestine", "region": 6, "capital": "Ramallah"}}, {"model": "countries.country", "pk": 235, "fields": {"name": "Fiji", "region": 2, "capital": "Suva"}}, {"model": "countries.country", "pk": 236, "fields": {"name": "Slovakia", "region": 5, "capital": "Bratislava"}}, {"model": "countries.country", "pk": 237, "fields": {"name": "Ghana", "region": 4, "capital": "Accra"}}, {"model": "countries.country", "pk": 238, "fields": {"name": "Suriname", "region": 3, "capital": "Paramaribo"}}, {"model": "countries.country", "pk": 239, "fields": {"name": "Cuba", "region": 3, "capital": "Havana"}}, {"model": "countries.country", "pk": 240, "fields": {"name": "Bhutan", "region": 6, "capital": "Thimphu"}}, {"model": "countries.country", "pk": 241, "fields": {"name": "Hungary", "region": 5, "capital": "Budapest"}}, {"model": "countries.country", "pk": 242, "fields": {"name": "Sao Tome and Principe", "region": 4, "capital": "Sao Tome"}}, {"model": "countries.country", "pk": 243, "fields": {"name": "Iraq", "region": 6, "capital": "Baghdad"}}, {"model": "countries.country", "pk": 244, "fields": {"name": "Czechia", "region": 5, "capital": "Prague"}}, {"model": "countries.country", "pk": 245, "fields": {"name": "Lithuania", "region": 5, "capital": "Vilnius"}}, {"model": "countries.country", "pk": 246, "fields": {"name": "Northern Mariana Islands", "region": 2, "capital": "Saipan"}}, {"model": "countries.country", "pk": 247, "fields": {"name": "Botswana", "region": 4, "capital": "Gaborone"}}, {"model": "countries.country", "pk": 248, "fields": {"name": "Panama", "region": 3, "capital": "Panama City"}}, {"model": "countries.country", "pk": 249, "fields": {"name": "Gabon", "region": 4, "capital": "Libreville"}}, {"model": "countries.country", "pk": 250, "fields": {"name": "Ecuador", "region": 3, "capital": "Quito"}}, {"model": "countries.country", "pk": 251, "fields": {"name": "Republic of Ireland", "region": null, "capital": ""}}, {"model": "countries.country", "pk": 252, "fields": {"name": "Europe", "region": null, "capital": ""}}, {"model": "countries.country", "pk": 253, "fields": {"name": "Uinted States", "region": null, "capital": ""}}, {"model": "countries.country", "pk": 254, "fields": {"name": "Ausralia", "region": null, "capital": ""}}, {"model": "account.waitlist", "pk": 1, "fields": {"full_name": "David Inyene", "email": "davidmizzy731@gmail.com"}}, {"model": "account.waitlist", "pk": 2, "fields": {"full_name": "Buka Grace", "email": "grace@gmail.com"}}, {"model": "account.industry", "pk": 1, "fields": {"name": "Engineering"}}, {"model": "account.industry", "pk": 2, "fields": {"name": "Data Science"}}, {"model": "account.industry", "pk": 3, "fields": {"name": "Product Management"}}, {"model": "account.industry", "pk": 4, "fields": {"name": "Sales"}}, {"model": "account.industry", "pk": 5, "fields": {"name": "Design"}}, {"model": "account.appuser", "pk": 1, "fields": {"password": "pbkdf2_sha256$600000$FXbcIStziS5OBLnufofxPF$VHnmRd+3HwHE4AZD6ad/oclKyoGDq2Cd/vS9tNel4po=", "last_login": "2023-11-15T07:56:38.497Z", "is_superuser": true, "first_name": "", "last_name": "", "is_staff": true, "is_active": true, "date_joined": "2023-11-09T15:29:37.749Z", "email": "davidinmichael@gmail.com", "username": null, "account_type": "", "job_status": "", "employment_type": "", "job_role": "", "country": 220, "industry": 1, "agree": true, "email_verified": false, "token_otp": null, "groups": [], "user_permissions": []}}, {"model": "account.appuser", "pk": 51, "fields": {"password": "pbkdf2_sha256$600000$iYs8oB9sOozH1XJqUuTmor$e96VEVBKata29rGFrIMoAV+6nsfOG0DJqDOTK0ZbdSg=", "last_login": null, "is_superuser": false, "first_name": "Michael", "last_name": "Inyene", "is_staff": false, "is_active": true, "date_joined": "2023-11-15T09:17:53.970Z", "email": "ilightwears@gmail.com", "username": null, "account_type": "Business", "job_status": "Employed", "employment_type": "Self-employed", "job_role": "Backend Developer", "country": 220, "industry": 1, "agree": true, "email_verified": true, "token_otp": "DD9827", "groups": [], "user_permissions": []}}, {"model": "account.appuser", "pk": 52, "fields": {"password": "pbkdf2_sha256$600000$ayxbwEKdyS2hXGTS2aqZ4E$0+wZLgUb2avworPEYjwrZcCeGjdCZEnzf/RCYZMGJlo=", "last_login": null, "is_superuser": false, "first_name": "Michael", "last_name": "Inyene", "is_staff": false, "is_active": true, "date_joined": "2023-11-15T09:23:55.154Z", "email": "davidmizzy731@gmail.com", "username": null, "account_type": "Business", "job_status": "Employed", "employment_type": "Self-employed", "job_role": "Backend Developer", "country": 220, "industry": 1, "agree": true, "email_verified": true, "token_otp": "2FBB27", "groups": [], "user_permissions": []}}, {"model": "account.appuser", "pk": 53, "fields": {"password": "pbkdf2_sha256$600000$KgvhiT2zsLbWXy02KUo04f$KWST8ArPHV28SItIerXvUaQxGF5cryvMns5xURpaS4k=", "last_login": null, "is_superuser": false, "first_name": "David", "last_name": "Sam", "is_staff": false, "is_active": true, "date_joined": "2023-11-18T03:50:21.941Z", "email": "sammy4gsus@gmail.com", "username": null, "account_type": "Individual", "job_status": "Employed", "employment_type": "Self-employed", "job_role": "Backend Developer", "country": 220, "industry": 1, "agree": true, "email_verified": false, "token_otp": "0F5F38", "groups": [], "user_permissions": []}}, {"model": "account.appuser", "pk": 54, "fields": {"password": "pbkdf2_sha256$600000$bVjMSS9vc002ZyGuIhb549$n+mBhmjq7hgRvBEMWXS9oAny6Dzf69Y5VzsWvgbvboc=", "last_login": null, "is_superuser": false, "first_name": "David", "last_name": "Inyene", "is_staff": false, "is_active": true, "date_joined": "2023-11-18T19:28:38.028Z", "email": "david1@gmail.com", "username": null, "account_type": "Business", "job_status": "Employed", "employment_type": "Self-employed", "job_role": "Backend Developer", "country": 220, "industry": 1, "agree": true, "email_verified": false, "token_otp": "DAF494", "groups": [], "user_permissions": []}}, {"model": "account.appuser", "pk": 55, "fields": {"password": "pbkdf2_sha256$600000$cJkAzi8NO63t1ty29U4fUe$yJsL+8Tb/bPiLnXk/SwL2QNdHyCngeE/f/dODXa3aCg=", "last_login": null, "is_superuser": false, "first_name": "", "last_name": "", "is_staff": false, "is_active": true, "date_joined": "2023-11-23T17:38:45.983Z", "email": "grace@gmail.com", "username": null, "account_type": "Individual", "job_status": "Employed", "employment_type": null, "job_role": "frontEnd Developer", "country": 220, "industry": 1, "agree": true, "email_verified": false, "token_otp": "7E51E9", "groups": [], "user_permissions": []}}]